Jurusan,Jalur masuk,Golongan UKT,Jumlah besaran UKT,N_UKT,Pekerjaan ayah pada saat awal kuliah,Penghasilan Ayah pada saat awal kuliah,Pekerjaan Ibu saat masuk kuliah,Penghasilan Ibu pada saat masuk kuliah,Jumlah anak yang ditanggung orangtua,Biaya Listrik,Biaya air
PGPAUD,SNMPTN,Golongan 3,3.080.000,3080000,Buruh,1.000.001-3.000.000,Sudah Almarhumah,0-500.000,2,150.001-200.000,0-50.000
PGPAUD,SNMPTN,Golongan 6,4.920.000,4920000,Pegawai Swasya,3.000.001-5.000.000,PNS,1.000.001-3.000.000,3,150.001-200.000,>150.000
PGPAUD,SNMPTN,Golongan 1,500.000,500000,Buruh,0-500.000,Sudah Almarhumah,0-500.000,2,150.001-200.000,0-50.000
PGPAUD,SBMPTN,Golongan 3,3.080.000,3080000,Wirausaha,1.000.001-3.000.000,Tidak Bekerja,0-500.000,5,200.001-250.000,>150.000
PGPAUD,SM UPI,Golongan 6,4.920.000,4920000,PNS,3.000.001-5.000.000,Wiraswasta,1.000.001-3.000.000,2,150.001-200.000,50.001-100.000
PGPAUD,SNMPTN,Golongan 4,3.690.000,3690000,Pensiun,1.000.001-3.000.000,Tidak Bekerja,0-500.000,3,250.001-300.000,0-50.000
PGPAUD,SNMPTN,Golongan 5,4.100.000,4100000,Wiraswasta,3.000.001-5.000.000,Tidak Bekerja,0-500.000,3,200.001-250.000,100.001-150.000
PGPAUD,SBMPTN,Golongan 3,3.080.000,3080000,Wirausaha,500.001-1.000.000,Tidak Bekerja,0-500.000,1,150.001-200.000,0-50.000
PGPAUD,SBMPTN,Golongan 3,3.080.000,3080000,Wiraswasta,1.000.001-3.000.000,Tidak Bekerja,0-500.000,3,100.001-150.000,>150.000
PGPAUD,SM UPI,Golongan 8,5.740.000,5740000,Pensiun,5.000.001-7.000.000,Pegawai Swasya,>7.000.001,3,>300.000,>150.000
PGPAUD,SBMPTN,Golongan 6,4.920.000,4920000,Wirausaha,3.000.001-5.000.000,Wirausaha,0-500.000,2,150.001-200.000,50.001-100.000
PGPAUD,SBMPTN,Golongan 3,3.080.000,3080000,Pegawai Swasya,1.000.001-3.000.000,Tidak bekerja,0-500.000,4,100.001-150.000,50.001-100.000
PGPAUD,SNMPTN,Golongan 4,3.690.000,3690000,Pegawai Swasya,1.000.001-3.000.000,Tidak Bekerja,0-500.000,2,>300.000,100.001-150.000
PGPAUD,SNMPTN,Golongan 3,3.080.000,3080000,Buruh,500.001-1.000.000,Buruh,500.001-1.000.000,3,150.001-200.000,0-50.000
PGPAUD,SBMPTN,Golongan 2,1.000.000,1000000,Tidak Bekerja,500.001-1.000.000,Ibu Rumah Tangga,0-500.000,2,150.001-200.000,50.001-100.000
PGPAUD,SBMPTN,Golongan 1,500.000,500000,Wirausaha,500.001-1.000.000,Sudah Almarhumah,0-500.000,1,0-100.000,50.001-100.000
PGPAUD,SBMPTN,Golongan 3,3.080.000,3080000,Pedagang,500.001-1.000.000,Tidak Bekerja,0-500.000,2,100.001-150.000,50.001-100.000
PGPAUD,SBMPTN,Golongan 2,1.000.000,1000000,Tidak Bekerja,500.001-1.000.000,Tidak Bekerja,0-500.000,3,0-100.000,0-50.000
PGPAUD,SM UPI,Golongan 6,4.920.000,4920000,Guru,1.000.001-3.000.000,Guru,1.000.001-3.000.000,2,200.001-250.000,0-50.000
PGPAUD,SNMPTN,Golongan 6,4.920.000,4920000,Wiraswasta,1.000.001-3.000.000,PNS,1.000.001-3.000.000,1,200.001-250.000,100.001-150.000
PGPAUD,SM UPI,Golongan 3,3.080.000,3080000,Sudah meninggal,0-500.000,Dagang,500.001-1.000.000,2,100.001-150.000,50.001-100.000
PGPAUD,SM UPI,Golongan 6,4.920.000,4920000,PNS,3.000.001-5.000.000,Buruh,0-500.000,2,>300.000,0-50.000
PGPAUD,SNMPTN,Golongan 1,500.000,500000,Pekerja lepas,0-500.000,Tidak Bekerja,0-500.000,3,0-100.000,50.001-100.000
PGPAUD,SBMPTN,Golongan 5,4.100.000,4100000,PNS,3.000.001-5.000.000,Tidak Bekerja,0-500.000,4,0-100.000,50.001-100.000
PGPAUD,SNMPTN,Golongan 4,3.690.000,3690000,wartawan,1.000.001-3.000.000,Tidak Bekerja,0-500.000,2,100.001-150.000,0-50.000
PGPAUD,SM UPI,Golongan 6,  4.920.000,4920000,Pegawai Swasya,5.000.001-7.000.000,Tidak Bekerja,0-500.000,3,0-100.000,0-50.000
PGPAUD,SM UPI,Golongan 6,4.920.000,4920000,Wiraswasta,1.000.001-3.000.000,Wiraswasta,5.000.001-7.000.000,3,0-100.000,0-50.000
PGPAUD,SM UPI,Golongan 6,4.920.000,4920000,Pegawai Swasya,5.000.001-7.000.000,Tidak Bekerja,0-500.000,3,0-100.000,0-50.000
PGPAUD,SNMPTN,Golongan 3,1.000.000,1000000,Buruh,1.000.001-3.000.000,Tidak Bekerja,0-500.000,3,100.001-150.000,50.001-100.000
PGPAUD,SNMPTN,Golongan 5,4.100.000,4100000,Pegawai Swasya,3.000.001-5.000.000,Tidak Bekerja,0-500.000,4,150.001-200.000,100.001-150.000
PGPAUD,SBMPTN,Golongan 3,3.080.000,3080000,Wirausaha,1.000.001-3.000.000,Tidak Bekerja,0-500.000,4,100.001-150.000,0-50.000
PGPAUD,SBMPTN,Golongan 3,3.080.000,3080000,Wirausaha,1.000.001-3.000.000,Tidak Bekerja,0-500.000,3,100.001-150.000,0-50.000
PGPAUD,SBMPTN,Golongan 2,1.000.000,1000000,Buruh,500.001-1.000.000,Tidak Bekerja,0-500.000,3,150.001-200.000,0-50.000
PGPAUD,SM UPI,Golongan 6,4.920.000,4920000,Pegawai Swasya,1.000.001-3.000.000,Guru,3.000.001-5.000.000,2,100.001-150.000,0-50.000
PGPAUD,SBMPTN,Golongan 4,  3.690.000,3690000,Buruh,500.001-1.000.000,Wiraswasta,1.000.001-3.000.000,3,0-100.000,0-50.000
PGPAUD,SBMPTN,Golongan 5,4.100.000,4100000,Wiraswasta,3.000.001-5.000.000,Tidak Bekerja,0-500.000,2,250.001-300.000,0-50.000
PGPAUD,SNMPTN,Golongan 4,3.690.000,3690000,Wirausaha,500.001-1.000.000,Pegawai Swasya,1.000.001-3.000.000,1,150.001-200.000,100.001-150.000
PGPAUD,SNMPTN,Golongan 3,3.080.00,308000,Wirausaha,500.001-1.000.000,Wirausaha,500.001-1.000.000,3,250.001-300.000,0-50.000
PGPAUD,SNMPTN,Golongan 3,3.080.00,308000,Wirausaha,500.001-1.000.000,Wirausaha,500.001-1.000.000,3,250.001-300.000,0-50.000
PGSD,SNMPTN,Golongan 1,500.000,500000,Buruh,0-500.000,Tidak Bekerja,0-500.000,2,0-100.000,50.001-100.000
PGPAUD,SNMPTN,Golongan 3,3.080.000,3080000,Sudah Almarhum,0-500.000,Asisten Rumah Tangga,500.001-1.000.000,1,150.001-200.000,0-50.000
PGPAUD,SNMPTN,Golongan 5,4.100.000,4100000,Wiraswasta,1.000.001-3.000.000,Buruh,1.000.001-3.000.000,3,0-100.000,0-50.000
PGSD,SNMPTN,Golongan 4,  3.690.000,3690000,Wiraswasta,3.000.001-5.000.000,Tidak Bekerja,0-500.000,4,200.001-250.000,50.001-100.000
PGSD,SNMPTN,Golongan 5,4.100.000,4100000,Wiraswasta,3.000.001-5.000.000,Tidak Bekerja,0-500.000,3,200.001-250.000,50.001-100.000
PGSD,SNMPTN,Golongan 3,3.080.000,3080000,Wiraswasta,1.000.001-3.000.000,Tidak Bekerja,0-500.000,3,0-100.000,0-50.000
PGPAUD,SNMPTN,Golongan 3,3.080.000,3080000,Buruh,500.001-1.000.000,Tidak Bekerja,0-500.000,2,0-100.000,0-50.000
PGSD,SNMPTN,Golongan 6, 4.920.000,4920000,Wiraswasta,3.000.001-5.000.000,PNS,1.000.001-3.000.000,2,150.001-200.000,50.001-100.000
PGSD,SNMPTN,Golongan 2,1.000.000,1000000,Tidak Bekerja,0-500.000,Guru,0-500.000,2,0-100.000,0-50.000
PGSD,SNMPTN,Golongan 5,4.100.000,4100000,Pegawai Swasta,1.000.001-3.000.000,Buruh,1.000.001-3.000.000,2,150.001-200.000,0-50.000
PGSD,SNMPTN,Golongan 3,  3.080.000,3080000,Buruh,1.000.001-3.000.000,Tidak Bekerja,0-500.000,3,100.001-150.000,0-50.000
PGSD,SNMPTN,Golongan 4,3.690.000,3690000,Pegawai Swasta,1.000.001-3.000.000,Tidak Bekerja,0-500.000,2,150.001-200.000,0-50.000
PGSD,SNMPTN,Golongan 2,1.000.000,1000000,Ketua Rt,500.001-1.000.000,Sudah Almarhumah,0-500.000,3,0-100.000,0-50.000
PGSD,SNMPTN,Golongan 5,4.100.000,4100000,Sudah Almarhum,0-500.000,PNS,3.000.001-5.000.000,>5,0-100.000,0-50.000
PGSD,SNMPTN,Golongan 3,  3.080.00,308000,Buruh,1.000.001-3.000.000,Tidak Bekerja,0-500.000,3,100.001-150.000,0-50.000
PGSD,SNMPTN,Golongan 7,5.330.000,5330000,PNS,3.000.001-5.000.000,PNS,1.000.001-3.000.000,3,150.001-200.000,50.001-100.000
PGPAUD,SNMPTN,Golongan 3,3.080.000,3080000,Wiraswasta,500.001-1.000.000,Tidak Bekerja,0-500.000,2,0-100.000,0-50.000
PGSD,SNMPTN,Golongan 7,5.330.000,5330000,Pegawai Swasta,3.000.001-5.000.000,PNS,3.000.001-5.000.000,4,150.001-200.000,0-50.000
PGPAUD,SNMPTN,Golongan 4,3.690.000,3690000,Pedagang kecil,1.000.001-3.000.000,Guru,0-500.000,2,0-100.000,0-50.000
PGPAUD,SNMPTN,Golongan 4,3.690.000,3690000,Pedagang kecil,1.000.001-3.000.000,Guru,0-500.000,2,0-100.000,0-50.000
PGSD,SNMPTN,Golongan 5,4.100.000,4100000,Pensiun,1.000.001-3.000.000,Wiraswasta,1.000.001-3.000.000,3,>300.000,0-50.000
PGPAUD,SNMPTN,Golongan 3,3.080.000,3080000,Buruh,500.001-1.000.000,Tidak Bekerja,0-500.000,2,100.001-150.000,100.001-150.000
PGPAUD,SNMPTN,Golongan 3,  3.080.000,3080000,Pekerja lepas,500.001-1.000.000,Tidak Bekerja,0-500.000,2,0-100.000,0-50.000
PGPAUD,SNMPTN,Golongan 5,4.100.000,4100000,Security,1.000.001-3.000.000,Pegawai Swasya,1.000.001-3.000.000,2,100.001-150.000,>150.000
PGSD,SNMPTN,Golongan 4,3.690.000,3690000,Pensiun,1.000.001-3.000.000,Tidak Bekerja,0-500.000,2,150.001-200.000,0-50.000
PGSD,SNMPTN,Golongan 5,4.100.000,4100000,Pegawai Swasta,3.000.001-5.000.000,Tidak Bekerja,0-500.000,1,150.001-200.000,0-50.000
PGSD,SNMPTN,Golongan 3,  3.080.000,3080000,Pekerja lepas,1.000.001-3.000.000,Tidak Bekerja,0-500.000,3,100.001-150.000,0-50.000
PGPAUD,SNMPTN,Golongan 2,1.000.000,1000000,Sudah Almarhum,0-500.000,ART,500.001-1.000.000,3,0-100.000,0-50.000
PGPAUD,SNMPTN,Golongan 3,3.080.00,308000,Pekerja lepas,500.001-1.000.000,Tidak Bekerja,0-500.000,2,0-100.000,0-50.000
PGPAUD,SNMPTN,Golongan 3,3.080.000,3080000,Petani/Pekebun,1.000.001-3.000.000,Ibu rumah tangga,0-500.000,3,0-100.000,0-50.000
PGSD,SNMPTN,Golongan 6,4.920.000,4920000,PNS ,3.000.001-5.000.000,Buruh,1.000.001-3.000.000,1,250.001-300.000,100.001-150.000
PGPAUD,SNMPTN,Golongan 3,3.080.000,3080000,Tidak Bekerja,0-500.000,Buruh,1.000.001-3.000.000,3,0-100.000,0-50.000
PGSD,SNMPTN,Golongan 5,4.100.000,4100000,Guru,1.000.001-3.000.000,Wiraswasta,1.000.001-3.000.000,2,100.001-150.000,50.001-100.000
PGPAUD,SNMPTN,Golongan 4,3.690.000,4690000,Wiraswasta,1.000.001-3.000.000,Tidak Bekerja,0-500.000,2,150.001-200.000,>150.000
PGPAUD,SNMPTN,Golongan 1,500.000,500000,Buruh,500.001-1.000.000,Tidak Bekerja,0-500.000,5,150.001-200.000,0-50.000
PGSD,SBMPTN,Golongan 2,1.000.000,1000000,Supir angkot,1.000.001-3.000.000,Berjualan kecil kecilan,0-500.000,4,0-100.000,100.001-150.000
PGSD,SM UPI,Golongan 6,4.920.000,4920000,Pensiun,1.000.001-3.000.000,Wiraswasta,3.000.001-5.000.000,1,100.001-150.000,50.001-100.000
PGSD,SBMPTN,Golongan 8,5.740.000,5740000,Pegawai Swasya,>7.000.001,Tidak Bekerja,0-500.000,>5,>300.000,>150.000
PGSD,SM UPI,Golongan 5,4.100.000,4100000,Pegawai Swasya,3.000.001-5.000.000,Tidak Bekerja,0-500.000,4,200.001-250.000,0-50.000
PGSD,SM UPI,Golongan 6,4.920.000,4920000,Pedagang,5.000.001-7.000.000,Tidak Bekerja,0-500.000,5,100.001-150.000,50.001-100.000
PGPAUD,SM UPI,Golongan 4,3.690.000,3690000,Sudah Almarhum,0-500.000,Wirausaha,1.000.001-3.000.000,2,150.001-200.000,50.001-100.000
PGSD,SM UPI,Golongan 6,4.920.000,4920000,Wiraswasta,3.000.001-5.000.000,Tidak Bekerja,0-500.000,1,0-100.000,0-50.000
PGPAUD,SNMPTN,Golongan 3,3.080.000,3080000,Wirausaha,500.001-1.000.000,Tidak Bekerja,0-500.000,2,100.001-150.000,50.001-100.000
PGSD,SNMPTN,Golongan 3,3.080.000,3080000,Buruh,500.001-1.000.000,Buruh,0-500.000,2,100.001-150.000,0-50.000
PGSD,SM UPI,Golongan 8,5.740.000,5740000,Pegawai Swasya,5.000.001-7.000.000,Wiraswasta,3.000.001-5.000.000,2,200.001-250.000,0-50.000
PGPAUD,SBMPTN,Golongan 3,3.080.000,3080000,Wirausaha,1.000.001-3.000.000,Tidak Bekerja,0-500.000,3,100.001-150.000,0-50.000
PGSD,SNMPTN,Golongan 6,4.920.000,4920000,Pegawai Swasya,5.000.001-7.000.000,Tidak Bekerja,0-500.000,3,150.001-200.000,0-50.000
PGSD,SM UPI,Golongan 6,4920000,4920000,Pensiun,3.000.001-5.000.000,Tidak Bekerja,0-500.000,1,0-100.000,0-50.000
PGPAUD,SNMPTN,Golongan 3,3.080.000,3080000,Pegawai Swasya,1.000.001-3.000.000,Tidak Bekerja,0-500.000,3,>300.000,>150.000
PGSD,SM UPI,Golongan 6,4920000,4920000,Pegawai Swasya,3.000.001-5.000.000,Wirausaha,1.000.001-3.000.000,2,100.001-150.000,0-50.000
PGPAUD,SBMPTN,Golongan 6,4.920.000,4920000,Wirausaha,1.000.001-3.000.000,PNS,3.000.001-5.000.000,1,0-100.000,0-50.000
PGSD,SNMPTN,Golongan 8,5.740.000,5740000,Wiraswasta,>7.000.001,Tidak Bekerja,0-500.000,2,150.001-200.000,50.001-100.000
PGSD,SNMPTN,Golongan 2,1.000.000,1000000,Buruh,500.001-1.000.000,Tidak Bekerja,0-500.000,4,0-100.000,0-50.000
PGPAUD,SNMPTN,Golongan 5,4.100.000,4100000,Sudah Almarhum,1.000.001-3.000.000,Tidak Bekerja,1.000.001-3.000.000,2,>300.000,0-50.000
PGSD,SNMPTN,Golongan 2,1.000.000,1000000,Wiraswasta,500.001-1.000.000,Tidak Bekerja,0-500.000,2,0-100.000,0-50.000
PGPAUD,SM UPI,Golongan 6,4.920.000,4920000,PNS,5.000.001-7.000.000,Tidak Bekerja,0-500.000,3,100.001-150.000,50.001-100.000
PGSD,SNMPTN,Golongan 3,3.080.000,3080000,PNS,1.000.001-3.000.000,Tidak Bekerja,0-500.000,3,100.001-150.000,0-50.000
PGPAUD,SNMPTN,Golongan 3,3.080.000,3080000,Wiraswasta,1.000.001-3.000.000,Tidak Bekerja,0-500.000,3,200.001-250.000,0-50.000
PGPAUD,SNMPTN,Golongan 4,3.690.000,3690000,Wiraswasta,1.000.001-3.000.000,Tidak Bekerja,0-500.000,2,100.001-150.000,0-50.000
PGPAUD,SBMPTN,Golongan 6,4.920.000,4920000,Wirausaha,3.000.001-5.000.000,Wirausaha,1.000.001-3.000.000,2,250.001-300.000,50.001-100.000
PGSD,SNMPTN,Golongan 3,3.080.000,3080000,Petani/Pekebun,1.000.001-3.000.000,Tidak Bekerja,0-500.000,4,0-100.000,0-50.000
PGPAUD,SNMPTN,Golongan 3,3.080.000,3080000,Buruh,500.001-1.000.000,Tidak Bekerja,0-500.000,1,100.001-150.000,0-50.000
PGSD,SNMPTN,Golongan 3,3.080.000,3080000,Tidak diberi nafkah,0-500.000,Asisten Rumah Tangga,500.001-1.000.000,1,150.001-200.000,0-50.000
PGSD,SNMPTN,Golongan 6,4.920.000,4920000,Pegawai Swasya,3.000.001-5.000.000,Tidak Bekerja,0-500.000,1,150.001-200.000,50.001-100.000
PGSD,SNMPTN,Golongan 2,1.000.000,1000000,Buruh,1.000.001-3.000.000,Tidak Bekerja,0-500.000,>5,0-100.000,50.001-100.000
PGPAUD,SNMPTN,Golongan 6,4.920.000,4920000,Pegawai Swasya,3.000.001-5.000.000,Sudah Almarhumah,0-500.000,1,150.001-200.000,100.001-150.000
PGPAUD,SNMPTN,Golongan 6,4.920.000,4920000,Pensiun,3.000.001-5.000.000,Tidak Bekerja,0-500.000,1,>300.000,0-50.000
PGSD,SBMPTN,Golongan 8,  5.740.000,5740000,Pegawai Swasya,3.000.001-5.000.000,Tidak Bekerja,0-500.000,3,>300.000,>150.000
PGSD,SNMPTN,Golongan 6,4.920.000,4920000,Pegawai Swasya,3.000.001-5.000.000,Wiraswasta,500.001-1.000.000,2,150.001-200.000,0-50.000
PGSD,SBMPTN,Golongan 3,3.080.000,3080000,Wiraswasta,1.000.001-3.000.000,Tidak Bekerja,0-500.000,3,0-100.000,50.001-100.000
PGSD,SNMPTN,Golongan 2,1.000.000,1000000,Buruh,500.001-1.000.000,Tidak Bekerja,0-500.000,2,0-100.000,0-50.000
PGSD,SNMPTN,Golongan 6,4.920.000,4920000,PNS,3.000.001-5.000.000,Tidak Bekerja,0-500.000,2,200.001-250.000,>150.000
PGSD,SBMPTN,Golongan 4,3.690.000,3690000,Pegawai Swasya,1.000.001-3.000.000,Tidak Bekerja,0-500.000,2,150.001-200.000,0-50.000
PGSD,SNMPTN,Golongan 7,  5.330.000,5330000,Pegawai Swasya,5.000.001-7.000.000,Sudah Almarhumah,0-500.000,2,>300.000,0-50.000
PGPAUD,SNMPTN,Golongan 5,4.100.000,4100000,Wiraswasta,3.000.001-5.000.000,Tidak Bekerja,0-500.000,4,>300.000,>150.000
PGPAUD,SNMPTN,Golongan 2,1.000.000,1000000,Wirausaha,500.001-1.000.000,Tidak Bekerja,0-500.000,2,150.001-200.000,0-50.000
PGSD,SBMPTN,Golongan 6,4.920.000,4920000,Wiraswasta,5.000.001-7.000.000,Tidak Bekerja,0-500.000,4,100.001-150.000,0-50.000
PGSD,SNMPTN,Golongan 4,  3.690.000,3690000,Wiraswasta,1.000.001-3.000.000,Ibu rumah tangga,0-500.000,2,100.001-150.000,0-50.000
PGPAUD,SNMPTN,Golongan 4,3.69.000,369000,Buruh,1.000.001-3.000.000,Tidak Bekerja,0-500.000,2,150.001-200.000,50.001-100.000
PGSD,SNMPTN,Golongan 6,4.920.000,4920000,PNS,3.000.001-5.000.000,PNS,1.000.001-3.000.000,2,150.001-200.000,100.001-150.000
PGSD,SNMPTN,Golongan 4,3.690.000,3690000,Pegawai Swasya,1.000.001-3.000.000,Pegawai Swasya,0-500.000,2,0-100.000,0-50.000
PGSD,SBMPTN,Golongan 3,3.080.000,3080000,Pegawai Swasya,1.000.001-3.000.000,Tidak Bekerja,0-500.000,4,0-100.000,50.001-100.000
PGSD,SBMPTN,Golongan 3,3.080.000,3080000,Wiraswasta,1.000.001-3.000.000,Tidak Bekerja,0-500.000,3,250.001-300.000,0-50.000
PGPAUD,SNMPTN,Golongan 5,4.100.000,4100000,Wirausaha,1.000.001-3.000.000,Pegawai Swasya,1.000.001-3.000.000,1,100.001-150.000,100.001-150.000
PGPAUD,SNMPTN,Golongan 4,3.690.000,3690000,Wirausaha,500.001-1.000.000,Pegawai Swasya,1.000.001-3.000.000,1,100.001-150.000,100.001-150.000
PGSD,SNMPTN,Golongan 3,3.080.000,3080000,Wiraswasta,1.000.001-3.000.000,Wiraswasta,500.001-1.000.000,4,0-100.000,0-50.000
PGSD,SBMPTN,Golongan 2,1.000.000,1000000,Supir angkot,1.000.001-3.000.000,Tidak Bekerja,0-500.000,4,0-100.000,50.001-100.000
PGPAUD,SBMPTN,Golongan 3,3.080.000,3080000,Petani/Pekebun,1.000.001-3.000.000,Tidak Bekerja,0-500.000,4,200.001-250.000,0-50.000
PGSD,SBMPTN,Golongan 6,4.920.000,4920000,Wiraswasta,3.000.001-5.000.000,Tidak Bekerja,0-500.000,2,>300.000,0-50.000
PGSD,SBMPTN,Golongan 5,4.100.000,4100000,PNS,3.000.001-5.000.000,Tidak Bekerja,0-500.000,3,250.001-300.000,100.001-150.000
PGSD,SM UPI,Golongan 5,4.100.000,4100000,Pensiun,3.000.001-5.000.000,Guru,500.001-1.000.000,1,150.001-200.000,50.001-100.000
PGPAUD,SNMPTN,Golongan 5,4.100.000,4100000,Wiraswasta,3.000.001-5.000.000,Sudah Almarhumah,0-500.000,3,150.001-200.000,50.001-100.000
PGPAUD,SM UPI,Golongan 3,3.080.000,3080000,Sudah Almarhum,0-500.000,Wirausaha,500.001-1.000.000,2,150.001-200.000,50.001-100.000
PGPAUD,SBMPTN,Golongan 5,4.100.000,4100000,Wiraswasta,3.000.001-5.000.000,Tidak Bekerja,0-500.000,3,150.001-200.000,50.001-100.000
PGPAUD,SNMPTN,Golongan 4,3.690.000,3690000,wartawan,1.000.001-3.000.000,Tidak Bekerja,0-500.000,2,100.001-150.000,0-50.000
PGPAUD,SNMPTN,Golongan 4,3.690.000,3690000,wartawan,1.000.001-3.000.000,Tidak Bekerja,0-500.000,2,100.001-150.000,0-50.000
PGSD,SM UPI,Golongan 6,4.920.000,4920000,Wiraswasta,3.000.001-5.000.000,Guru,0-500.000,2,150.001-200.000,0-50.000
PGSD,SBMPTN,Golongan 3,3.080.000,3080000,Pensiun,500.001-1.000.000,Tidak Bekerja,0-500.000,2,0-100.000,0-50.000
PGSD,SNMPTN,Golongan 3,3080000,3080000,Wirausaha,1.000.001-3.000.000,Tidak Bekerja,0-500.000,3,150.001-200.000,50.001-100.000
PGSD,SM UPI,Golongan 6,4.860.000,4860000,Buruh,1.000.001-3.000.000,Guru,3.000.001-5.000.000,2,0-100.000,50.001-100.000
PGSD,SBMPTN,Golongan 3,3.080.000,3080000,Pekerja lepas,500.001-1.000.000,Tidak Bekerja,0-500.000,2,0-100.000,50.001-100.000
PGPAUD,SBMPTN,Golongan 4,3.690.000,3690000,Buruh,1.000.001-3.000.000,Tidak Bekerja,0-500.000,3,100.001-150.000,50.001-100.000
PGPAUD,SBMPTN,Golongan 5,4.100.000,4100000,Buruh,3.000.001-5.000.000,Tidak Bekerja,0-500.000,3,100.001-150.000,50.001-100.000
PGSD,SBMPTN,Golongan 4,3.690.000,3690000,Buruh,1.000.001-3.000.000,Tidak Bekerja,0-500.000,2,200.001-250.000,0-50.000
PGSD,SBMPTN,Golongan 3,3.080.000,3080000,Tidak Bekerja,0-500.000,Buruh,500.001-1.000.000,1,200.001-250.000,>150.000
PGSD,SM UPI,Golongan 3,3.080.000,3080000,TNI/POLRI,1.000.001-3.000.000,Tidak Bekerja,0-500.000,4,0-100.000,0-50.000
PGPAUD,SBMPTN,Golongan 3,3.080.000,3080000,Wirausaha,1.000.001-3.000.000,Tidak Bekerja,0-500.000,5,200.001-250.000,>150.000
PGPAUD,SNMPTN,Golongan 5,4.100.000,4100000,Sudah Almarhum,1.000.001-3.000.000,Tidak Bekerja,1.000.001-3.000.000,2,>300.000,0-50.000
PGSD,SBMPTN,Golongan 4,3.690.000,3690000,Buruh,1.000.001-3.000.000,Tidak Bekerja,0-500.000,2,150.001-200.000,100.001-150.000
PGSD,SBMPTN,Golongan 3,3.080.000,3080000,Wiraswasta,1.000.001-3.000.000,Tidak Bekerja,0-500.000,3,250.001-300.000,50.001-100.000
PGSD,SNMPTN,Golongan 4,3.690.000,3690000,Wiraswasta,1.000.001-3.000.000,Wiraswasta,0-500.000,2,0-100.000,0-50.000
PGSD,SBMPTN,Golongan 5,4.100.000,4100000,Wiraswasta,1.000.001-3.000.000,Wiraswasta,1.000.001-3.000.000,2,100.001-150.000,50.001-100.000
PGPAUD,SBMPTN,Golongan 5,4.100.000,4100000,Wiraswasta,3.000.001-5.000.000,Tidak Bekerja,0-500.000,2,250.001-300.000,0-50.000
PGPAUD,SBMPTN,Golongan 1,500.000,500000,Tidak tahu keberadaannya,0-500.000,Tidak Bekerja,0-500.000,2,0-100.000,0-50.000
PGSD,SM UPI,Golongan 6,4.920.000,4920000,Guru,3.000.001-5.000.000,Tidak Bekerja,0-500.000,1,150.001-200.000,100.001-150.000
PGPAUD,SNMPTN,Golongan 3,  3.080.000,3080000,Pekerja lepas,500.001-1.000.000,Tidak Bekerja,0-500.000,2,0-100.000,0-50.000
PGPAUD,SNMPTN,Golongan 3,3.080.000,3080000,Wiraswasta,500.001-1.000.000,Tidak Bekerja,0-500.000,2,100.001-150.000,50.001-100.000
PGSD,SNMPTN,Golongan 1,500.000,500000,Pekerja lepas,0-500.000,Ibu rumah tangga,0-500.000,>5,0-100.000,50.001-100.000
PGSD,SNMPTN,Golongan 1,500.000,500000,Sudah Almarhum,0-500.000,Tidak Bekerja,0-500.000,2,100.001-150.000,0-50.000
PGPAUD,SBMPTN,Golongan 1,500.000,500000,Petani/Pekebun,500.001-1.000.000,Tidak Bekerja,0-500.000,4,0-100.000,0-50.000
PGSD,SNMPTN,Golongan 1,500.000,500000,Wiraswasta,0-500.000,Tidak Bekerja,0-500.000,3,0-100.000,50.001-100.000
PGSD,SNMPTN,Golongan 7,5.330.000,5330000,PNS,3.000.001-5.000.000,PNS,1.000.001-3.000.000,1,150.001-200.000,50.001-100.000
PGSD,SBMPTN,Golongan 8,5.740.000,5740000,Pegawai Swasya,>7.000.001,Tidak Bekerja,0-500.000,>5,>300.000,>150.000
PGSD,SBMPTN,Golongan 8,5.740.000,5740000,Sudah Almarhum,0-500.000,Wirausaha,>7.000.001,>5,>300.000,>150.000
PGSD,SBMPTN,Golongan 7,5.330.000,5330000,Pegawai Swasya,5.000.001-7.000.000,Tidak Bekerja,0-500.000,2,>300.000,>150.000
