{"metadata":{"asset_id":"cdc8b0bc-9992-4c97-8935-acc1c9c9d3a3","asset_attributes":["data_asset"],"name":"UKT Prodi Lama.csv","asset_type":"data_asset","created_at":"2023-07-13T18:29:44Z","origin_country":"us","owner_id":"IBMid-664004TY3B","project_id":"9a63c05b-900f-4449-b139-a80e29ed1c3c","size":20616,"usage":{"last_update_time":1689283623902,"last_updated_at":"2023-07-13T21:27:03Z"}},"entity":{"data_asset":{"dataset":false,"mime_type":"text/csv"},"location_definition":{"physical_location_code":"DAL","physical_location_code_assigned_by":"IBMid-664004TY3B","physical_location_code_rds_id":"c57cb90f-2126-3800-9c9f-9eab82021cdf","physical_location_code_rds_version":"00002023-0713-4113-8803-941306000000_4","physical_location_code_assignment_method":"INFERRED","physical_location_code_added_on":"1689251993987"}},"attachments":[{"id":"6be1d4c7-c80e-4bd7-ac08-2fe4cdd2d54f","version":2,"asset_type":"data_asset","name":"UKT Prodi Lama.csv","mime":"text/csv","datasource_type":"193a97c1-4475-4a19-b90c-295c4fdc6517","object_key":"UKT Prodi Lama.csv","creator_id":"IBMid-664004TY3B","create_time":1689272985251,"size":20616,"is_remote":false,"is_managed":false,"is_referenced":true,"is_object_key_read_only":true,"is_user_provided_path_key":true,"transfer_complete":true,"is_partitioned":false,"complete_time_ticks":1689272985251,"user_data":{},"test_doc":0,"handle":{"bucket":"prediksiuktupi-donotdelete-pr-hy29cu7djbcinx","location":"us-south","type":"bluemix_cos","key":"UKT Prodi Lama.csv","upload_id":"done","max_part_num":1},"usage":{"access_count":2,"last_accessor_id":"IBMid-664004TY3B","last_access_time":1689283623899,"last_updater_id":"IBMid-664004TY3B","last_update_time":1689283623899}}]}
