{"metadata":{"asset_id":"e4adb146-f2f1-4464-8b1f-f0213e4a89f5","asset_attributes":["environment"],"name":"autoai-runtime-22.2-py3.10-S","asset_type":"environment","created_at":"2023-07-13T13:04:04Z","origin_country":"us","owner_id":"IBMid-664004TY3B","project_id":"9a63c05b-900f-4449-b139-a80e29ed1c3c","sandbox_id":"9a63c05b-900f-4449-b139-a80e29ed1c3c","size":0,"tags":["dsx"],"usage":{"last_update_time":1689253444939,"last_updated_at":"2023-07-13T13:04:04Z"}},"entity":{"environment":{"sub_type":"notebook","display_name":"Runtime 22.2 on Python 3.10 AutoAI-S","hardware_specification":{"type":"referenced","guid":"e7ed1d6c-2e89-42d7-aed5-863b972c1d2b"},"software_specification":{"type":"referenced","guid":"b56101f1-309d-549b-a849-eaa63f77b2fb"},"tools_specification":{"supported_kernels":[{"name":"python3","display_name":"Python 3.10","language":"python","version":"3.10"}],"notebook_extensions":[]}}}}
