{"metadata":{"asset_id":"cd20b99b-3672-4b8f-9a51-cc9a3e3826c0","asset_attributes":["environment"],"name":"autoai-runtime-22.2-py3.10-M","asset_type":"environment","created_at":"2023-07-13T19:28:57Z","origin_country":"us","owner_id":"IBMid-664004TY3B","project_id":"9a63c05b-900f-4449-b139-a80e29ed1c3c","sandbox_id":"9a63c05b-900f-4449-b139-a80e29ed1c3c","size":0,"tags":["dsx"],"usage":{"last_update_time":1689276537550,"last_updated_at":"2023-07-13T19:28:57Z"}},"entity":{"environment":{"sub_type":"notebook","display_name":"Runtime 22.2 on Python 3.10 AutoAI-M","hardware_specification":{"type":"referenced","guid":"c076e82c-b2a7-4d20-9c0f-1f0c2fdf5a24"},"software_specification":{"type":"referenced","guid":"b56101f1-309d-549b-a849-eaa63f77b2fb"},"tools_specification":{"supported_kernels":[{"name":"python3","display_name":"Python 3.10","language":"python","version":"3.10"}],"notebook_extensions":[]}}}}
