{"metadata":{"asset_id":"991995f9-1d31-46e8-ac53-4a0fbd1e03e4","asset_attributes":["notebook"],"name":"UKT fit data - Experiment notebook","asset_type":"notebook","created_at":"2023-07-13T13:04:05Z","origin_country":"us","owner_id":"IBMid-664004TY3B","project_id":"9a63c05b-900f-4449-b139-a80e29ed1c3c","size":23614,"tags":[],"usage":{"last_update_time":1689253446982,"last_updated_at":"2023-07-13T13:04:06Z"}},"entity":{"notebook":{"kernel":{"display_name":"Python 3.10","name":"python3","language":"python"},"originates_from":{"type":"blank"},"runtime":{"environment":"e4adb146-f2f1-4464-8b1f-f0213e4a89f5"}},"location_definition":{"physical_location_code":"DAL","physical_location_code_assigned_by":"IBMid-664004TY3B","physical_location_code_rds_id":"c57cb90f-2126-3800-9c9f-9eab82021cdf","physical_location_code_rds_version":"00002023-0713-4113-8803-941306000000_4","physical_location_code_assignment_method":"INFERRED","physical_location_code_added_on":"1689251993987"}},"attachments":[{"id":"29120c68-2445-4e1d-9ba0-b5d7ca9d23ac","version":2,"asset_type":"notebook","name":"UKT fit data - Experiment notebook","description":"UKT fit data - Experiment notebook attachment for notebook asset 991995f9-1d31-46e8-ac53-4a0fbd1e03e4","mime":"application/json","datasource_type":"193a97c1-4475-4a19-b90c-295c4fdc6517","object_key":"notebook/notebook_991995f9-1d31-46e8-ac53-4a0fbd1e03e4.ipynb","creator_id":"IBMid-664004TY3B","create_time":1689253446980,"size":23614,"is_remote":false,"is_managed":false,"is_referenced":true,"is_object_key_read_only":false,"is_user_provided_path_key":true,"transfer_complete":true,"is_partitioned":false,"complete_time_ticks":1689253446980,"user_data":{},"test_doc":0,"handle":{"bucket":"prediksiuktupi-donotdelete-pr-hy29cu7djbcinx","location":"us-south","type":"bluemix_cos","key":"notebook/notebook_991995f9-1d31-46e8-ac53-4a0fbd1e03e4.ipynb","upload_id":"done","max_part_num":1},"usage":{"access_count":0,"last_accessor_id":"IBMid-664004TY3B","last_access_time":1689253446980}}]}
