{"metadata":{"asset_id":"c6a30b46-4ddb-4a32-aed4-8a346d64b3ba","asset_attributes":["notebook"],"name":"UKT fit data - Experiment notebook","asset_type":"notebook","created_at":"2023-07-13T21:33:51Z","origin_country":"us","owner_id":"IBMid-664004TY3B","project_id":"9a63c05b-900f-4449-b139-a80e29ed1c3c","size":23798,"tags":[],"usage":{"last_update_time":1689284033300,"last_updated_at":"2023-07-13T21:33:53Z"}},"entity":{"notebook":{"kernel":{"display_name":"Python 3.10","name":"python3","language":"python"},"originates_from":{"type":"blank"},"runtime":{"environment":"e4adb146-f2f1-4464-8b1f-f0213e4a89f5"}},"location_definition":{"physical_location_code":"DAL","physical_location_code_assigned_by":"IBMid-664004TY3B","physical_location_code_rds_id":"c57cb90f-2126-3800-9c9f-9eab82021cdf","physical_location_code_rds_version":"00002023-0713-4113-8803-941306000000_4","physical_location_code_assignment_method":"INFERRED","physical_location_code_added_on":"1689251993987"}},"attachments":[{"id":"e590ee8f-dff6-41fa-8da1-924fb8b2b9fe","version":2,"asset_type":"notebook","name":"UKT fit data - Experiment notebook","description":"UKT fit data - Experiment notebook attachment for notebook asset c6a30b46-4ddb-4a32-aed4-8a346d64b3ba","mime":"application/json","datasource_type":"193a97c1-4475-4a19-b90c-295c4fdc6517","object_key":"notebook/notebook_c6a30b46-4ddb-4a32-aed4-8a346d64b3ba.ipynb","creator_id":"IBMid-664004TY3B","create_time":1689284033298,"size":23798,"is_remote":false,"is_managed":false,"is_referenced":true,"is_object_key_read_only":false,"is_user_provided_path_key":true,"transfer_complete":true,"is_partitioned":false,"complete_time_ticks":1689284033298,"user_data":{},"test_doc":0,"handle":{"bucket":"prediksiuktupi-donotdelete-pr-hy29cu7djbcinx","location":"us-south","type":"bluemix_cos","key":"notebook/notebook_c6a30b46-4ddb-4a32-aed4-8a346d64b3ba.ipynb","upload_id":"done","max_part_num":1},"usage":{"access_count":0,"last_accessor_id":"IBMid-664004TY3B","last_access_time":1689284033298}}]}
