{"metadata":{"asset_id":"9f8e4da5-0dea-41d7-93ff-28708311b56a","asset_attributes":["notebook"],"name":"UKT fit data - P8 Notebook","asset_type":"notebook","created_at":"2023-07-13T19:28:58Z","origin_country":"us","owner_id":"IBMid-664004TY3B","project_id":"9a63c05b-900f-4449-b139-a80e29ed1c3c","size":21178,"tags":[],"usage":{"last_update_time":1689276540125,"last_updated_at":"2023-07-13T19:29:00Z"}},"entity":{"notebook":{"kernel":{"display_name":"Python 3.10","name":"python3","language":"python"},"originates_from":{"type":"blank"},"runtime":{"environment":"cd20b99b-3672-4b8f-9a51-cc9a3e3826c0"}},"location_definition":{"physical_location_code":"DAL","physical_location_code_assigned_by":"IBMid-664004TY3B","physical_location_code_rds_id":"c57cb90f-2126-3800-9c9f-9eab82021cdf","physical_location_code_rds_version":"00002023-0713-4113-8803-941306000000_4","physical_location_code_assignment_method":"INFERRED","physical_location_code_added_on":"1689251993987"}},"attachments":[{"id":"52d43489-c350-4bbf-a839-b059f53e4b1c","version":2,"asset_type":"notebook","name":"UKT fit data - P8 Notebook","description":"UKT fit data - P8 Notebook attachment for notebook asset 9f8e4da5-0dea-41d7-93ff-28708311b56a","mime":"application/json","datasource_type":"193a97c1-4475-4a19-b90c-295c4fdc6517","object_key":"notebook/notebook_9f8e4da5-0dea-41d7-93ff-28708311b56a.ipynb","creator_id":"IBMid-664004TY3B","create_time":1689276540123,"size":21178,"is_remote":false,"is_managed":false,"is_referenced":true,"is_object_key_read_only":false,"is_user_provided_path_key":true,"transfer_complete":true,"is_partitioned":false,"complete_time_ticks":1689276540123,"user_data":{},"test_doc":0,"handle":{"bucket":"prediksiuktupi-donotdelete-pr-hy29cu7djbcinx","location":"us-south","type":"bluemix_cos","key":"notebook/notebook_9f8e4da5-0dea-41d7-93ff-28708311b56a.ipynb","upload_id":"done","max_part_num":1},"usage":{"access_count":0,"last_accessor_id":"IBMid-664004TY3B","last_access_time":1689276540123}}]}
