{"metadata":{"asset_id":"28196317-8bbb-4036-831a-c6f450208470","asset_attributes":["wml_model"],"name":"0.69 - P4 Extra Trees Classifier","asset_type":"wml_model","created_at":"2023-07-13T21:33:42Z","origin_country":"us","owner_id":"IBMid-664004TY3B","project_id":"9a63c05b-900f-4449-b139-a80e29ed1c3c","sandbox_id":"9a63c05b-900f-4449-b139-a80e29ed1c3c","size":84347,"tags":[],"usage":{"last_update_time":1689284024298,"last_updated_at":"2023-07-13T21:33:44Z"}},"entity":{"wml_model":{"data_asset_dependencies":["cdc8b0bc-9992-4c97-8935-acc1c9c9d3a3"],"hybrid_pipeline_software_specs":[{"base_id":"125b6d9a-5b1f-5e8d-972a-b251688ccf40","name":"autoai-kb_rt22.2-py3.10"}],"data_preprocessing":[{"input":{"columns":12,"rows":164},"output":{"columns":12,"rows":154},"props":{"duplicated_rows_count":10},"stage":"cleansing"}],"label_column":"Golongan UKT","pipeline":{"id":"b4cf4259-1f7a-476e-be98-dfbf47662254"},"training_id":"db2b00f8-a01a-4bd5-8f5b-373bbe4ab395","metrics":[{"context":{"classes":["Golongan 1","Golongan 2","Golongan 3","Golongan 4","Golongan 5","Golongan 6","Golongan 7","Golongan 8"],"features_importance":[{"computation_type":"","features":{"NewFeature_0_round(Pekerjaan ayah pada saat awal kuliah)":0,"NewFeature_3_sqrt(Pekerjaan Ibu saat masuk kuliah)":0.03,"Jalur masuk":0.01,"Biaya Listrik":0.06,"Penghasilan Ibu pada saat masuk kuliah":0.43,"Penghasilan Ayah pada saat awal kuliah":1,"Pekerjaan ayah pada saat awal kuliah":0,"Pekerjaan Ibu saat masuk kuliah":0.03,"NewFeature_1_round(Pekerjaan Ibu saat masuk kuliah)":0.04,"Jumlah anak yang ditanggung orangtua":0.24,"NewFeature_4_sqrt(round(Pekerjaan ayah pada saat awal kuliah))":0,"NewFeature_5_sqrt(round(Pekerjaan Ibu saat masuk kuliah))":0.02,"NewFeature_2_sqrt(Pekerjaan ayah pada saat awal kuliah)":0,"Jurusan":0.03,"Biaya air":0.02},"stage":"Mean"}],"intermediate_model":{"composition_steps":["Split_TrainingHoldout","TrainingDataset_full_138_9","Column Selection","Datetime_FE","TrainingDataset_full_138_9","Preprocessor_default","DAUB","hpo_d","cognito","hpo_c"],"duration":41869,"location":{"model":"auto_ml/c47b4e34-b5cb-4079-bfd3-92c31000a404/wml_data/db2b00f8-a01a-4bd5-8f5b-373bbe4ab395/data/automl/hpo_c_output/Pipeline1/model.pickle","pipeline":"auto_ml/c47b4e34-b5cb-4079-bfd3-92c31000a404/wml_data/db2b00f8-a01a-4bd5-8f5b-373bbe4ab395/data/automl/hpo_c_output/Pipeline1/pipeline.json","pipeline_model":"auto_ml/c47b4e34-b5cb-4079-bfd3-92c31000a404/wml_data/db2b00f8-a01a-4bd5-8f5b-373bbe4ab395/data/automl/hpo_c_output/Pipeline1/pipeline-model.json"},"name":"P4","notebook_location":"auto_ml/c47b4e34-b5cb-4079-bfd3-92c31000a404/wml_data/db2b00f8-a01a-4bd5-8f5b-373bbe4ab395/data/automl/hpo_c_output/Pipeline1/notebook.ipynb","pipeline_nodes":["ColumnSelector","PreprocessingTransformer","autoai_libs.cognito.transforms.transform_utils.round","autoai_libs.cognito.transforms.transform_utils.FS1","autoai_libs.cognito.transforms.transform_utils.sqrt","autoai_libs.cognito.transforms.transform_utils.FS1","ExtraTreesClassifier"],"process":"hpo_c_output","schema_location":"auto_ml/c47b4e34-b5cb-4079-bfd3-92c31000a404/wml_data/db2b00f8-a01a-4bd5-8f5b-373bbe4ab395/data/automl/hpo_c_output/Pipeline1/schema.json"},"multi_class_classification":{"one_vs_all_location":"auto_ml/c47b4e34-b5cb-4079-bfd3-92c31000a404/wml_data/db2b00f8-a01a-4bd5-8f5b-373bbe4ab395/data/automl/hpo_c_output/Pipeline1/one_vs_all.json"},"phase":"hpo_c_output","prediction_type":"classification","target_column":"Golongan UKT"},"ml_metrics":{"training_precision_weighted":0.6369282891022021,"holdout_f1_weighted":0.6302083333333333,"holdout_f1_macro":0.4895833333333333,"holdout_recall_micro":0.6875,"training_precision_macro":0.4942843614718615,"training_recall_micro":0.6956521739130435,"training_precision_micro":0.6956521739130435,"training_neg_log_loss":-1.9664683562181804,"holdout_recall_macro":0.5,"holdout_neg_log_loss":-0.9113742966117102,"training_f1_macro":0.4929870997595455,"training_recall_weighted":0.6956521739130435,"holdout_precision_macro":0.5392857142857144,"holdout_precision_weighted":0.6482142857142856,"holdout_recall_weighted":0.6875,"holdout_accuracy":0.6875,"holdout_f1_micro":0.6875,"training_f1_micro":0.6956521739130435,"holdout_precision_micro":0.6875,"training_recall_macro":0.5111238298738299,"training_accuracy":0.6956521739130435,"training_f1_weighted":0.6554183152514018},"timestamp":"2023-07-13T21:30:42.000Z"}],"ml_version":"4.0.19","type":"wml-hybrid_0.1","schemas":{"input":[{"fields":[{"name":"Jurusan","type":"other"},{"name":"Jalur masuk","type":"other"},{"name":"Jumlah besaran UKT","type":"other"},{"name":"N_UKT","type":"integer"},{"name":"Pekerjaan ayah pada saat awal kuliah","type":"other"},{"name":"Penghasilan Ayah pada saat awal kuliah","type":"other"},{"name":"Pekerjaan Ibu saat masuk kuliah","type":"other"},{"name":"Penghasilan Ibu pada saat masuk kuliah","type":"other"},{"name":"Jumlah anak yang ditanggung orangtua","type":"other"},{"name":"Biaya Listrik","type":"other"},{"name":"Biaya air","type":"other"}],"id":"auto_ai_kb_input_schema"}],"output":[]},"content_location":{"connection":{},"contents":[{"content_format":"pipeline-node","file_name":"P4_automl.zip","location":"auto_ml/c47b4e34-b5cb-4079-bfd3-92c31000a404/wml_data/db2b00f8-a01a-4bd5-8f5b-373bbe4ab395/assets/db2b00f8-a01a-4bd5-8f5b-373bbe4ab395_P4_hpo_c_output/resources/wml_model/P4_automl.zip","pipeline_node_id":"automl"},{"content_format":"native","file_name":"pipeline_model.json","location":"auto_ml/c47b4e34-b5cb-4079-bfd3-92c31000a404/wml_data/db2b00f8-a01a-4bd5-8f5b-373bbe4ab395/assets/db2b00f8-a01a-4bd5-8f5b-373bbe4ab395_P4_hpo_c_output/resources/wml_model/pipeline_model.json"}],"location":{"path":"auto_ml/c47b4e34-b5cb-4079-bfd3-92c31000a404/wml_data","notebooks_path":"auto_ml/c47b4e34-b5cb-4079-bfd3-92c31000a404/wml_data/db2b00f8-a01a-4bd5-8f5b-373bbe4ab395/notebooks","training":"auto_ml/c47b4e34-b5cb-4079-bfd3-92c31000a404/wml_data/db2b00f8-a01a-4bd5-8f5b-373bbe4ab395","training_status":"auto_ml/c47b4e34-b5cb-4079-bfd3-92c31000a404/wml_data/db2b00f8-a01a-4bd5-8f5b-373bbe4ab395/training-status.json","assets_path":"auto_ml/c47b4e34-b5cb-4079-bfd3-92c31000a404/wml_data/db2b00f8-a01a-4bd5-8f5b-373bbe4ab395/assets"},"type":"container"},"training_data_references":[{"connection":{},"id":"UKT Prodi Lama.csv","location":{"href":"/v2/assets/cdc8b0bc-9992-4c97-8935-acc1c9c9d3a3?project_id=9a63c05b-900f-4449-b139-a80e29ed1c3c","id":"cdc8b0bc-9992-4c97-8935-acc1c9c9d3a3","project_id":"9a63c05b-900f-4449-b139-a80e29ed1c3c","userfs":"false"},"schema":{"fields":[{"name":"Jurusan","type":"other"},{"name":"Jalur masuk","type":"other"},{"name":"Jumlah besaran UKT","type":"other"},{"name":"N_UKT","type":"integer"},{"name":"Pekerjaan ayah pada saat awal kuliah","type":"other"},{"name":"Penghasilan Ayah pada saat awal kuliah","type":"other"},{"name":"Pekerjaan Ibu saat masuk kuliah","type":"other"},{"name":"Penghasilan Ibu pada saat masuk kuliah","type":"other"},{"name":"Jumlah anak yang ditanggung orangtua","type":"other"},{"name":"Biaya Listrik","type":"other"},{"name":"Biaya air","type":"other"},{"name":"Golongan UKT","type":"other"}],"id":"auto_ai_kb_input_schema"},"type":"data_asset"}],"software_spec":{"base_id":"8c1a58c6-62b5-4dc4-987a-df751c2756b6","name":"hybrid_0.1"},"content_import_state":"completed","test_data_references":[]},"location_definition":{"physical_location_code_assignment_method":"INFERRED","physical_location_code":"DAL","physical_location_code_assigned_by":"IBMid-664004TY3B","physical_location_code_added_on":"1689251993987","physical_location_code_rds_version":"00002023-0713-4113-8803-941306000000_4","physical_location_code_rds_id":"c57cb90f-2126-3800-9c9f-9eab82021cdf"}},"attachments":[{"id":"b7afd2e5-1242-4f05-bafe-8f4a3f30abe1","version":2,"asset_type":"wml_model","name":"P4_automl.zip","datasource_type":"193a97c1-4475-4a19-b90c-295c4fdc6517","creator_id":"IBMid-664004TY3B","create_time":1689284023327,"size":82265,"is_remote":false,"is_managed":true,"is_referenced":false,"is_object_key_read_only":false,"is_user_provided_path_key":false,"transfer_complete":true,"is_partitioned":false,"complete_time_ticks":1689284024809,"user_data":{"content_format":"pipeline-node","pipeline_node_id":"automl"},"test_doc":0,"handle":{"bucket":"prediksiuktupi-donotdelete-pr-hy29cu7djbcinx","location":"us-south","type":"bluemix_cos","key":"7aff922d-3f0c-4c92-9a85-4fd85d43fc81/28196317-8bbb-4036-831a-c6f450208470/b7afd2e5-1242-4f05-bafe-8f4a3f30abe1","upload_id":"done","max_part_num":1},"usage":{"access_count":1,"last_accessor_id":"IBMid-664004TY3B","last_access_time":1689284024810,"last_updater_id":"IBMid-664004TY3B","last_update_time":1689284024810}},{"id":"2e37fab5-314f-42ec-91f9-9835f734d517","version":2,"asset_type":"wml_model","name":"pipeline_model.json","datasource_type":"193a97c1-4475-4a19-b90c-295c4fdc6517","creator_id":"IBMid-664004TY3B","create_time":1689284023559,"size":2082,"is_remote":false,"is_managed":true,"is_referenced":false,"is_object_key_read_only":false,"is_user_provided_path_key":false,"transfer_complete":true,"is_partitioned":false,"complete_time_ticks":1689284025901,"user_data":{"content_format":"native"},"test_doc":0,"handle":{"bucket":"prediksiuktupi-donotdelete-pr-hy29cu7djbcinx","location":"us-south","type":"bluemix_cos","key":"7aff922d-3f0c-4c92-9a85-4fd85d43fc81/28196317-8bbb-4036-831a-c6f450208470/2e37fab5-314f-42ec-91f9-9835f734d517","upload_id":"done","max_part_num":1},"usage":{"access_count":1,"last_accessor_id":"IBMid-664004TY3B","last_access_time":1689284025901,"last_updater_id":"IBMid-664004TY3B","last_update_time":1689284025901}}]}
