{"metadata":{"asset_id":"2f53127e-50d4-495a-a4c7-351878c84286","asset_attributes":["wml_model","modelfacts_system"],"name":"UKT fit data - P8 XGB Classifier","asset_type":"wml_model","created_at":"2023-07-13T18:47:15Z","origin_country":"us","owner_id":"IBMid-664004TY3B","project_id":"9a63c05b-900f-4449-b139-a80e29ed1c3c","sandbox_id":"9a63c05b-900f-4449-b139-a80e29ed1c3c","size":260479,"tags":[],"usage":{"last_update_time":1689274036898,"last_updated_at":"2023-07-13T18:47:16Z"}},"entity":{"wml_model":{"data_asset_dependencies":["cdc8b0bc-9992-4c97-8935-acc1c9c9d3a3"],"hybrid_pipeline_software_specs":[{"base_id":"125b6d9a-5b1f-5e8d-972a-b251688ccf40","name":"autoai-kb_rt22.2-py3.10"}],"data_preprocessing":[{"input":{"columns":12,"rows":168},"output":{"columns":12,"rows":157},"props":{"duplicated_rows_count":11},"stage":"cleansing"}],"label_column":"Golongan UKT","pipeline":{"id":"2cd0a2fe-cdbc-46c7-9dac-3ea5e38c3745"},"training_id":"2ea636fc-7610-424f-a008-ea03587c8680","metrics":[{"context":{"classes":["Golongan 1","Golongan 2","Golongan 3","Golongan 4","Golongan 5","Golongan 6","Golongan 7","Golongan 8"],"features_importance":[{"computation_type":"","features":{"Jumlah anak yang ditanggung orangtua":0.36,"Jalur masuk":1,"Biaya Listrik":0.18,"Penghasilan Ibu pada saat masuk kuliah":0.41,"Penghasilan Ayah pada saat awal kuliah":0.65,"Pekerjaan ayah pada saat awal kuliah":0.12,"Pekerjaan Ibu saat masuk kuliah":0.23,"Jurusan":0,"Biaya air":0.37},"stage":"Mean"}],"intermediate_model":{"composition_steps":["Split_TrainingHoldout","TrainingDataset_full_141_9","Column Selection","Datetime_FE","TrainingDataset_full_141_9","Preprocessor_default","DAUB","hpo_d","cognito","hpo_c"],"duration":60132,"location":{"model":"auto_ml/c47b4e34-b5cb-4079-bfd3-92c31000a404/wml_data/2ea636fc-7610-424f-a008-ea03587c8680/data/automl/hpo_c_output/Pipeline5/model.pickle","pipeline":"auto_ml/c47b4e34-b5cb-4079-bfd3-92c31000a404/wml_data/2ea636fc-7610-424f-a008-ea03587c8680/data/automl/hpo_c_output/Pipeline5/pipeline.json","pipeline_model":"auto_ml/c47b4e34-b5cb-4079-bfd3-92c31000a404/wml_data/2ea636fc-7610-424f-a008-ea03587c8680/data/automl/hpo_c_output/Pipeline5/pipeline-model.json"},"name":"P8","notebook_location":"auto_ml/c47b4e34-b5cb-4079-bfd3-92c31000a404/wml_data/2ea636fc-7610-424f-a008-ea03587c8680/data/automl/hpo_c_output/Pipeline5/notebook.ipynb","pipeline_nodes":["ColumnSelector","PreprocessingTransformer","XGBClassifier"],"process":"hpo_c_output","schema_location":"auto_ml/c47b4e34-b5cb-4079-bfd3-92c31000a404/wml_data/2ea636fc-7610-424f-a008-ea03587c8680/data/automl/hpo_c_output/Pipeline5/schema.json"},"multi_class_classification":{"one_vs_all_location":"auto_ml/c47b4e34-b5cb-4079-bfd3-92c31000a404/wml_data/2ea636fc-7610-424f-a008-ea03587c8680/data/automl/hpo_c_output/Pipeline5/one_vs_all.json"},"phase":"hpo_c_output","prediction_type":"classification","target_column":"Golongan UKT"},"ml_metrics":{"training_precision_weighted":0.43796364972176843,"holdout_f1_weighted":0.5633658008658009,"holdout_f1_macro":0.552958152958153,"holdout_recall_micro":0.625,"training_precision_macro":0.29199055087212983,"training_recall_micro":0.46808510638297873,"training_precision_micro":0.46808510638297873,"training_neg_log_loss":-1.667472484052604,"holdout_recall_macro":0.5972222222222222,"training_f1_macro":0.2623420933904805,"training_recall_weighted":0.46808510638297873,"holdout_precision_macro":0.5535714285714285,"holdout_precision_weighted":0.5647321428571428,"holdout_recall_weighted":0.625,"holdout_accuracy":0.625,"holdout_f1_micro":0.625,"training_f1_micro":0.46808510638297873,"holdout_precision_micro":0.625,"training_recall_macro":0.27564541939541937,"training_accuracy":0.46808510638297873,"training_f1_weighted":0.42601236177076945},"timestamp":"2023-07-13T18:44:57.000Z"}],"ml_version":"4.0.19","type":"wml-hybrid_0.1","schemas":{"input":[{"fields":[{"name":"Jurusan","type":"other"},{"name":"Jalur masuk","type":"other"},{"name":"Jumlah besaran UKT","type":"other"},{"name":"N_UKT","type":"integer"},{"name":"Pekerjaan ayah pada saat awal kuliah","type":"other"},{"name":"Penghasilan Ayah pada saat awal kuliah","type":"other"},{"name":"Pekerjaan Ibu saat masuk kuliah","type":"other"},{"name":"Penghasilan Ibu pada saat masuk kuliah","type":"other"},{"name":"Jumlah anak yang ditanggung orangtua","type":"other"},{"name":"Biaya Listrik","type":"other"},{"name":"Biaya air","type":"other"}],"id":"auto_ai_kb_input_schema"}],"output":[]},"content_location":{"connection":{},"contents":[{"content_format":"pipeline-node","file_name":"P8_automl.zip","location":"auto_ml/c47b4e34-b5cb-4079-bfd3-92c31000a404/wml_data/2ea636fc-7610-424f-a008-ea03587c8680/assets/2ea636fc-7610-424f-a008-ea03587c8680_P8_hpo_c_output/resources/wml_model/P8_automl.zip","pipeline_node_id":"automl"},{"content_format":"native","file_name":"pipeline_model.json","location":"auto_ml/c47b4e34-b5cb-4079-bfd3-92c31000a404/wml_data/2ea636fc-7610-424f-a008-ea03587c8680/assets/2ea636fc-7610-424f-a008-ea03587c8680_P8_hpo_c_output/resources/wml_model/pipeline_model.json"}],"location":{"path":"auto_ml/c47b4e34-b5cb-4079-bfd3-92c31000a404/wml_data","notebooks_path":"auto_ml/c47b4e34-b5cb-4079-bfd3-92c31000a404/wml_data/2ea636fc-7610-424f-a008-ea03587c8680/notebooks","training":"auto_ml/c47b4e34-b5cb-4079-bfd3-92c31000a404/wml_data/2ea636fc-7610-424f-a008-ea03587c8680","training_status":"auto_ml/c47b4e34-b5cb-4079-bfd3-92c31000a404/wml_data/2ea636fc-7610-424f-a008-ea03587c8680/training-status.json","assets_path":"auto_ml/c47b4e34-b5cb-4079-bfd3-92c31000a404/wml_data/2ea636fc-7610-424f-a008-ea03587c8680/assets"},"type":"container"},"training_data_references":[{"connection":{},"id":"UKT Prodi Lama.csv","location":{"href":"/v2/assets/cdc8b0bc-9992-4c97-8935-acc1c9c9d3a3?project_id=9a63c05b-900f-4449-b139-a80e29ed1c3c","id":"cdc8b0bc-9992-4c97-8935-acc1c9c9d3a3","project_id":"9a63c05b-900f-4449-b139-a80e29ed1c3c","userfs":"false"},"schema":{"fields":[{"name":"Jurusan","type":"other"},{"name":"Jalur masuk","type":"other"},{"name":"Jumlah besaran UKT","type":"other"},{"name":"N_UKT","type":"integer"},{"name":"Pekerjaan ayah pada saat awal kuliah","type":"other"},{"name":"Penghasilan Ayah pada saat awal kuliah","type":"other"},{"name":"Pekerjaan Ibu saat masuk kuliah","type":"other"},{"name":"Penghasilan Ibu pada saat masuk kuliah","type":"other"},{"name":"Jumlah anak yang ditanggung orangtua","type":"other"},{"name":"Biaya Listrik","type":"other"},{"name":"Biaya air","type":"other"},{"name":"Golongan UKT","type":"other"}],"id":"auto_ai_kb_input_schema"},"type":"data_asset"}],"software_spec":{"base_id":"8c1a58c6-62b5-4dc4-987a-df751c2756b6","name":"hybrid_0.1"},"content_import_state":"completed","test_data_references":[]},"location_definition":{"physical_location_code_assignment_method":"INFERRED","physical_location_code":"DAL","physical_location_code_assigned_by":"IBMid-664004TY3B","physical_location_code_added_on":"1689251993987","physical_location_code_rds_version":"00002023-0713-4113-8803-941306000000_4","physical_location_code_rds_id":"c57cb90f-2126-3800-9c9f-9eab82021cdf"},"modelfacts_system":{"model_information":{"model_type":"wml-hybrid_0.1","model_description":"","input_type":"","algorithm":"XGBClassifier","prediction_type":"classification","software_spec":"hybrid_0.1","software_spec_id":"8c1a58c6-62b5-4dc4-987a-df751c2756b6","asset_type":"wml_model","label_column":"Golongan UKT"},"training_information":{"project_name":"Prediksi UKT UPI","training_data_references":[{"training_data":"UKT Prodi Lama.csv","training_data_href":"/projects/9a63c05b-900f-4449-b139-a80e29ed1c3c/data-assets/cdc8b0bc-9992-4c97-8935-acc1c9c9d3a3/preview","source_type":"CSV","source":"","source_href":"","source_path":"","training_data_exists":true,"source_exists":true,"type":"Data asset"}],"hyper_parameters":"","hybrid_pipeline":[{"name":"autoai-kb_rt22.2-py3.10","id":"125b6d9a-5b1f-5e8d-972a-b251688ccf40"}],"features":11},"model_identity_information":{"model_identity_key":"540f4713-e2f5-4480-bbc0-64aac1a2947f"}}},"attachments":[{"id":"67bac874-2539-45ab-b559-392128b385b3","version":2,"asset_type":"wml_model","name":"P8_automl.zip","datasource_type":"193a97c1-4475-4a19-b90c-295c4fdc6517","creator_id":"IBMid-664004TY3B","create_time":1689274035775,"size":258516,"is_remote":false,"is_managed":true,"is_referenced":false,"is_object_key_read_only":false,"is_user_provided_path_key":false,"transfer_complete":true,"is_partitioned":false,"complete_time_ticks":1689274037379,"user_data":{"content_format":"pipeline-node","pipeline_node_id":"automl"},"test_doc":0,"handle":{"bucket":"prediksiuktupi-donotdelete-pr-hy29cu7djbcinx","location":"us-south","type":"bluemix_cos","key":"7aff922d-3f0c-4c92-9a85-4fd85d43fc81/2f53127e-50d4-495a-a4c7-351878c84286/67bac874-2539-45ab-b559-392128b385b3","upload_id":"done","max_part_num":1},"usage":{"access_count":1,"last_accessor_id":"IBMid-664004TY3B","last_access_time":1689274037379,"last_updater_id":"IBMid-664004TY3B","last_update_time":1689274037379}},{"id":"74cc7117-6af7-450b-8a04-0f9c112e4bb2","version":2,"asset_type":"wml_model","name":"pipeline_model.json","datasource_type":"193a97c1-4475-4a19-b90c-295c4fdc6517","creator_id":"IBMid-664004TY3B","create_time":1689274036089,"size":1963,"is_remote":false,"is_managed":true,"is_referenced":false,"is_object_key_read_only":false,"is_user_provided_path_key":false,"transfer_complete":true,"is_partitioned":false,"complete_time_ticks":1689274037878,"user_data":{"content_format":"native"},"test_doc":0,"handle":{"bucket":"prediksiuktupi-donotdelete-pr-hy29cu7djbcinx","location":"us-south","type":"bluemix_cos","key":"7aff922d-3f0c-4c92-9a85-4fd85d43fc81/2f53127e-50d4-495a-a4c7-351878c84286/74cc7117-6af7-450b-8a04-0f9c112e4bb2","upload_id":"done","max_part_num":1},"usage":{"access_count":1,"last_accessor_id":"IBMid-664004TY3B","last_access_time":1689274037878,"last_updater_id":"IBMid-664004TY3B","last_update_time":1689274037878}}]}
