{"metadata":{"asset_id":"445e7973-67e0-49b3-ab3c-1f200c5dda30","asset_attributes":["wml_model","modelfacts_system"],"name":"UKT fit data - P4 Decision Tree Classifier","asset_type":"wml_model","created_at":"2023-07-13T13:03:42Z","origin_country":"us","owner_id":"IBMid-664004TY3B","project_id":"9a63c05b-900f-4449-b139-a80e29ed1c3c","sandbox_id":"9a63c05b-900f-4449-b139-a80e29ed1c3c","size":8474,"tags":[],"usage":{"last_update_time":1689253424628,"last_updated_at":"2023-07-13T13:03:44Z"}},"entity":{"wml_model":{"data_asset_dependencies":["1c67124e-38d4-4378-a54b-d4e6c98a50b7"],"hybrid_pipeline_software_specs":[{"base_id":"125b6d9a-5b1f-5e8d-972a-b251688ccf40","name":"autoai-kb_rt22.2-py3.10"}],"data_preprocessing":[{"input":{"columns":12,"rows":312},"output":{"columns":12,"rows":299},"props":{"duplicated_rows_count":13},"stage":"cleansing"}],"label_column":"Golongan UKT","pipeline":{"id":"853ab961-d965-4800-9d92-40082c441d2a"},"training_id":"df97cd6a-7818-469e-8b32-24033de9554f","metrics":[{"context":{"classes":["Golongan 1","Golongan 2","Golongan 3","Golongan 4","Golongan 5","Golongan 6","Golongan 7","Golongan 8"],"features_importance":[{"computation_type":"","features":{"Jumlah anak yang ditanggung orangtua":0,"Jalur masuk":0.01,"Biaya Listrik":0,"Penghasilan Ibu pada saat masuk kuliah":0,"Penghasilan Ayah pada saat awal kuliah":0.01,"Pekerjaan ayah pada saat awal kuliah":0.01,"Pekerjaan Ibu saat masuk kuliah":0,"Jurusan":0.22,"Biaya air":0,"N_UKT":1,"Jumlah besaran UKT":0.08},"stage":"Mean"}],"intermediate_model":{"composition_steps":["Split_TrainingHoldout","TrainingDataset_full_269_11","Datetime_FE","TrainingDataset_full_269_11","Preprocessor_default","DAUB","hpo_d","cognito","hpo_c"],"duration":14589,"location":{"model":"auto_ml/c47b4e34-b5cb-4079-bfd3-92c31000a404/wml_data/df97cd6a-7818-469e-8b32-24033de9554f/data/automl/hpo_c_output/Pipeline1/model.pickle","pipeline":"auto_ml/c47b4e34-b5cb-4079-bfd3-92c31000a404/wml_data/df97cd6a-7818-469e-8b32-24033de9554f/data/automl/hpo_c_output/Pipeline1/pipeline.json","pipeline_model":"auto_ml/c47b4e34-b5cb-4079-bfd3-92c31000a404/wml_data/df97cd6a-7818-469e-8b32-24033de9554f/data/automl/hpo_c_output/Pipeline1/pipeline-model.json"},"name":"P4","notebook_location":"auto_ml/c47b4e34-b5cb-4079-bfd3-92c31000a404/wml_data/df97cd6a-7818-469e-8b32-24033de9554f/data/automl/hpo_c_output/Pipeline1/notebook.ipynb","pipeline_nodes":["PreprocessingTransformer","DecisionTreeClassifier"],"process":"hpo_c_output","schema_location":"auto_ml/c47b4e34-b5cb-4079-bfd3-92c31000a404/wml_data/df97cd6a-7818-469e-8b32-24033de9554f/data/automl/hpo_c_output/Pipeline1/schema.json"},"multi_class_classification":{"one_vs_all_location":"auto_ml/c47b4e34-b5cb-4079-bfd3-92c31000a404/wml_data/df97cd6a-7818-469e-8b32-24033de9554f/data/automl/hpo_c_output/Pipeline1/one_vs_all.json"},"phase":"hpo_c_output","prediction_type":"classification","target_column":"Golongan UKT"},"ml_metrics":{"training_precision_weighted":0.9526253228949932,"holdout_f1_weighted":1,"holdout_f1_macro":1,"holdout_recall_micro":1,"training_precision_macro":0.9189206465048323,"training_recall_micro":0.947940074906367,"training_precision_micro":0.947940074906367,"training_neg_log_loss":-1.8027891138336471,"holdout_recall_macro":1,"holdout_neg_log_loss":-6.994405055138511e-15,"training_f1_macro":0.9158393055308137,"training_recall_weighted":0.947940074906367,"holdout_precision_macro":1,"holdout_precision_weighted":1,"holdout_recall_weighted":1,"holdout_accuracy":1,"holdout_f1_micro":1,"training_f1_micro":0.947940074906367,"holdout_precision_micro":1,"training_recall_macro":0.9210858585858586,"training_accuracy":0.947940074906367,"training_f1_weighted":0.9477068796150306},"timestamp":"2023-07-13T12:43:11.000Z"}],"ml_version":"4.0.19","type":"wml-hybrid_0.1","schemas":{"input":[{"fields":[{"name":"Jurusan","type":"other"},{"name":"Jalur masuk","type":"other"},{"name":"Jumlah besaran UKT","type":"other"},{"name":"N_UKT","type":"integer"},{"name":"Pekerjaan ayah pada saat awal kuliah","type":"other"},{"name":"Penghasilan Ayah pada saat awal kuliah","type":"other"},{"name":"Pekerjaan Ibu saat masuk kuliah","type":"other"},{"name":"Penghasilan Ibu pada saat masuk kuliah","type":"other"},{"name":"Jumlah anak yang ditanggung orangtua","type":"other"},{"name":"Biaya Listrik","type":"other"},{"name":"Biaya air","type":"other"}],"id":"auto_ai_kb_input_schema"}],"output":[]},"content_location":{"connection":{},"contents":[{"content_format":"pipeline-node","file_name":"P4_automl.zip","location":"auto_ml/c47b4e34-b5cb-4079-bfd3-92c31000a404/wml_data/df97cd6a-7818-469e-8b32-24033de9554f/assets/df97cd6a-7818-469e-8b32-24033de9554f_P4_hpo_c_output/resources/wml_model/P4_automl.zip","pipeline_node_id":"automl"},{"content_format":"native","file_name":"pipeline_model.json","location":"auto_ml/c47b4e34-b5cb-4079-bfd3-92c31000a404/wml_data/df97cd6a-7818-469e-8b32-24033de9554f/assets/df97cd6a-7818-469e-8b32-24033de9554f_P4_hpo_c_output/resources/wml_model/pipeline_model.json"}],"location":{"path":"auto_ml/c47b4e34-b5cb-4079-bfd3-92c31000a404/wml_data","notebooks_path":"auto_ml/c47b4e34-b5cb-4079-bfd3-92c31000a404/wml_data/df97cd6a-7818-469e-8b32-24033de9554f/notebooks","training":"auto_ml/c47b4e34-b5cb-4079-bfd3-92c31000a404/wml_data/df97cd6a-7818-469e-8b32-24033de9554f","training_status":"auto_ml/c47b4e34-b5cb-4079-bfd3-92c31000a404/wml_data/df97cd6a-7818-469e-8b32-24033de9554f/training-status.json","assets_path":"auto_ml/c47b4e34-b5cb-4079-bfd3-92c31000a404/wml_data/df97cd6a-7818-469e-8b32-24033de9554f/assets"},"type":"container"},"training_data_references":[{"connection":{},"id":"UKT Data set olah_csv_shaped.csv","location":{"href":"/v2/assets/1c67124e-38d4-4378-a54b-d4e6c98a50b7?project_id=9a63c05b-900f-4449-b139-a80e29ed1c3c","id":"1c67124e-38d4-4378-a54b-d4e6c98a50b7","project_id":"9a63c05b-900f-4449-b139-a80e29ed1c3c","userfs":"false"},"schema":{"fields":[{"name":"Jurusan","type":"other"},{"name":"Jalur masuk","type":"other"},{"name":"Jumlah besaran UKT","type":"other"},{"name":"N_UKT","type":"integer"},{"name":"Pekerjaan ayah pada saat awal kuliah","type":"other"},{"name":"Penghasilan Ayah pada saat awal kuliah","type":"other"},{"name":"Pekerjaan Ibu saat masuk kuliah","type":"other"},{"name":"Penghasilan Ibu pada saat masuk kuliah","type":"other"},{"name":"Jumlah anak yang ditanggung orangtua","type":"other"},{"name":"Biaya Listrik","type":"other"},{"name":"Biaya air","type":"other"},{"name":"Golongan UKT","type":"other"}],"id":"auto_ai_kb_input_schema"},"type":"data_asset"}],"software_spec":{"base_id":"8c1a58c6-62b5-4dc4-987a-df751c2756b6","name":"hybrid_0.1"},"content_import_state":"completed","test_data_references":[]},"location_definition":{"physical_location_code_assignment_method":"INFERRED","physical_location_code":"DAL","physical_location_code_assigned_by":"IBMid-664004TY3B","physical_location_code_added_on":"1689251993987","physical_location_code_rds_version":"00002023-0713-4113-8803-941306000000_4","physical_location_code_rds_id":"c57cb90f-2126-3800-9c9f-9eab82021cdf"},"modelfacts_system":{"model_information":{"model_type":"wml-hybrid_0.1","model_description":"","input_type":"","algorithm":"DecisionTreeClassifier","prediction_type":"classification","software_spec":"hybrid_0.1","software_spec_id":"8c1a58c6-62b5-4dc4-987a-df751c2756b6","asset_type":"wml_model","label_column":"Golongan UKT"},"training_information":{"project_name":"Prediksi UKT UPI","training_data_references":[{"training_data":"UKT Data set olah_csv_shaped.csv","training_data_href":"/projects/9a63c05b-900f-4449-b139-a80e29ed1c3c/data-assets/1c67124e-38d4-4378-a54b-d4e6c98a50b7/preview","source_type":"CSV","source":"","source_href":"","source_path":"","training_data_exists":true,"source_exists":true,"type":"Data asset"}],"hyper_parameters":"","hybrid_pipeline":[{"name":"autoai-kb_rt22.2-py3.10","id":"125b6d9a-5b1f-5e8d-972a-b251688ccf40"}],"features":11},"model_identity_information":{"model_identity_key":"def996ae-dd0a-492f-b547-c7027286d202"}}},"attachments":[{"id":"2759f368-69c4-431f-a7bf-86ad03341d12","version":2,"asset_type":"wml_model","name":"P4_automl.zip","datasource_type":"193a97c1-4475-4a19-b90c-295c4fdc6517","creator_id":"IBMid-664004TY3B","create_time":1689253423347,"size":6632,"is_remote":false,"is_managed":true,"is_referenced":false,"is_object_key_read_only":false,"is_user_provided_path_key":false,"transfer_complete":true,"is_partitioned":false,"complete_time_ticks":1689253425234,"user_data":{"content_format":"pipeline-node","pipeline_node_id":"automl"},"test_doc":0,"handle":{"bucket":"prediksiuktupi-donotdelete-pr-hy29cu7djbcinx","location":"us-south","type":"bluemix_cos","key":"7aff922d-3f0c-4c92-9a85-4fd85d43fc81/445e7973-67e0-49b3-ab3c-1f200c5dda30/2759f368-69c4-431f-a7bf-86ad03341d12","upload_id":"done","max_part_num":1},"usage":{"access_count":1,"last_accessor_id":"IBMid-664004TY3B","last_access_time":1689253425234,"last_updater_id":"IBMid-664004TY3B","last_update_time":1689253425234}},{"id":"0c3c2dac-a8f9-4fd9-b351-7b6b2c02dc13","version":2,"asset_type":"wml_model","name":"pipeline_model.json","datasource_type":"193a97c1-4475-4a19-b90c-295c4fdc6517","creator_id":"IBMid-664004TY3B","create_time":1689253423662,"size":1842,"is_remote":false,"is_managed":true,"is_referenced":false,"is_object_key_read_only":false,"is_user_provided_path_key":false,"transfer_complete":true,"is_partitioned":false,"complete_time_ticks":1689253425783,"user_data":{"content_format":"native"},"test_doc":0,"handle":{"bucket":"prediksiuktupi-donotdelete-pr-hy29cu7djbcinx","location":"us-south","type":"bluemix_cos","key":"7aff922d-3f0c-4c92-9a85-4fd85d43fc81/445e7973-67e0-49b3-ab3c-1f200c5dda30/0c3c2dac-a8f9-4fd9-b351-7b6b2c02dc13","upload_id":"done","max_part_num":1},"usage":{"access_count":1,"last_accessor_id":"IBMid-664004TY3B","last_access_time":1689253425783,"last_updater_id":"IBMid-664004TY3B","last_update_time":1689253425783}}]}
