{"metadata":{"asset_id":"b4cf4259-1f7a-476e-be98-dfbf47662254","asset_attributes":["wml_pipeline"],"name":"UKT fit data","asset_type":"wml_pipeline","created_at":"2023-07-13T21:27:46Z","origin_country":"us","owner_id":"IBMid-664004TY3B","project_id":"9a63c05b-900f-4449-b139-a80e29ed1c3c","sandbox_id":"9a63c05b-900f-4449-b139-a80e29ed1c3c","size":0,"tags":["dsx-project.9a63c05b-900f-4449-b139-a80e29ed1c3c"],"usage":{"last_update_time":1689283666825,"last_updated_at":"2023-07-13T21:27:46Z"}},"entity":{"wml_pipeline":{"document":{"doc_type":"pipeline","pipelines":[{"id":"autoai","nodes":[{"id":"automl","op":"kube","parameters":{"output_logs":true,"input_file_separator":",","stage_flag":true,"optimization":{"categorical_columns":["Penghasilan Ayah pada saat awal kuliah","Penghasilan Ibu pada saat masuk kuliah"],"compute_pipeline_notebooks_flag":true,"cv_num_folds":3,"daub_adaptive_subsampling_max_mem_usage":15000000000,"daub_give_priority_to_runtime":0,"global_stage_include_batched_ensemble_estimators":[],"holdout_param":0.1,"label":"Golongan UKT","learning_type":"classification","max_num_daub_ensembles":4,"run_cognito_flag":true,"scorer_for_ranking":"accuracy","train_sample_columns_index_list":[0,1,4,5,6,7,8,9,10]},"n_parallel_data_connections":4,"one_vs_all_file":true},"runtime_ref":"autoai","type":"execution_node"}],"runtime_ref":"hybrid"}],"primary_pipeline":"autoai","runtimes":[{"app_data":{"wml_data":{"hardware_spec":{"base_id":"a6c4923b-b8e4-444c-9f43-8a7ec3020110","name":"L"}}},"id":"autoai","name":"auto_ai.kb"}],"version":"2.0"},"ml_version":"4.0.5"}}}
